{"cameraMode":{"drawMode":0,"name":"Shaded","section":"Shading Mode"},"sceneLighting":false,"audioPlay":false,"sceneViewState":{"m_AlwaysRefresh":false,"showFog":true,"showSkybox":false,"showFlares":true,"showImageEffects":true,"showParticleSystems":true,"showVisualEffectGraphs":true,"m_FxEnabled":true},"in2DMode":false,"pivot":{"x":-1.98671555519104,"y":7.768505096435547,"z":31.118228912353517},"rotation":{"x":0.020184287801384927,"y":0.9142938852310181,"z":-0.40207013487815859,"w":0.04550284147262573},"size":19.057546615600587,"orthographic":false}