{"cameraMode":{"drawMode":0,"name":"Shaded","section":"Shading Mode"},"sceneLighting":true,"audioPlay":false,"sceneViewState":{"m_AlwaysRefresh":false,"showFog":true,"showSkybox":true,"showFlares":true,"showImageEffects":true,"showParticleSystems":true,"showVisualEffectGraphs":true,"m_FxEnabled":true},"in2DMode":false,"pivot":{"x":10.920780181884766,"y":20.946828842163087,"z":-18.777263641357423},"rotation":{"x":0.16801446676254273,"y":-0.16620784997940064,"z":0.02889077365398407,"w":0.9712710380554199},"size":18.61545753479004,"orthographic":false}