{"cameraMode":{"drawMode":0,"name":"Shaded","section":"Shading Mode"},"sceneLighting":false,"audioPlay":false,"sceneViewState":{"m_AlwaysRefresh":false,"showFog":true,"showSkybox":false,"showFlares":true,"showImageEffects":true,"showParticleSystems":true,"showVisualEffectGraphs":true,"m_FxEnabled":true},"in2DMode":false,"pivot":{"x":-3.3956871032714845,"y":7.526575088500977,"z":80.05906677246094},"rotation":{"x":0.39624321460723879,"y":-0.09607353806495667,"z":0.041894953697919849,"w":0.9121832251548767},"size":20.013010025024415,"orthographic":false}