{"cameraMode":{"drawMode":0,"name":"Shaded","section":"Shading Mode"},"sceneLighting":false,"audioPlay":false,"sceneViewState":{"m_AlwaysRefresh":false,"showFog":true,"showSkybox":false,"showFlares":true,"showImageEffects":true,"showParticleSystems":true,"showVisualEffectGraphs":true,"m_FxEnabled":true},"in2DMode":false,"pivot":{"x":5.210028648376465,"y":4.932197570800781,"z":48.484954833984378},"rotation":{"x":0.42460009455680849,"y":0.09887182712554932,"z":-0.046553850173950198,"w":0.8988069891929627},"size":18.759597778320314,"orthographic":false}