{"cameraMode":{"drawMode":0,"name":"Shaded","section":"Shading Mode"},"sceneLighting":false,"audioPlay":false,"sceneViewState":{"m_AlwaysRefresh":false,"showFog":true,"showSkybox":false,"showFlares":true,"showImageEffects":true,"showParticleSystems":true,"showVisualEffectGraphs":true,"m_FxEnabled":true},"in2DMode":false,"pivot":{"x":2.5929007530212404,"y":2.6985626220703127,"z":113.67454528808594},"rotation":{"x":0.4283426105976105,"y":0.024459848180413247,"z":-0.011426684446632862,"w":0.9032431244850159},"size":19.1872501373291,"orthographic":false}